<?xml version="1.0" encoding="UTF-8"?>
<Configuration>
    <Appenders>
        <Console name="Console" target="SYSTEM_OUT">
            <PatternLayout
                pattern="%style{%d{ISO8601}}{black} %highlight{%-5level }[%style{%t}{bright,blue}] %style{%C{1.}}{bright,yellow}: %msg%n%throwable" />
        </Console>
 
 	<!--  Based on size -->
    <RollingFile name="RollingFile"
            <!--  fileName="./logs/spring-boot-logger-log4j2.log" -->
            fileName="/Users/boot/Documents/workspace-sts-3.9.2.RELEASE/miniERP/logs/application.log"
            filePattern="/Users/boot/Documents/workspace-sts-3.9.2.RELEASE/miniERP/logs/$${date:yyyy-MM}/application-%d{-dd-MMMM-yyyy}-%i.log.gz">
            <PatternLayout>
                <pattern>%d %p %C{1.} [%t] %m%n</pattern>
            </PatternLayout>
            <Policies>
                <!-- rollover on startup, daily and when the file reaches 10 MegaBytes -->
               <OnStartupTriggeringPolicy />
                <SizeBasedTriggeringPolicy
                    size="10 MB" />
                <TimeBasedTriggeringPolicy />
            </Policies>
        </RollingFile>
        
		<Loggers>
		    <AsyncLogger name="com.ent.mini.erp" level="debug" additivity="false">
		        <AppenderRef ref="ConsoleAppender" />
		        <AppenderRef ref="FileAppender" />
		    </AsyncLogger>
		
		    <Root level="info">
		        <AppenderRef ref="ConsoleAppender" />
		        <AppenderRef ref="FileAppender" />
		    </Root>
		</Loggers>
		
		<!-- SMTP Appender -->
		<SMTP name="MailAppender"
		      subject="Log4j2 Demo [PROD]"
		      to="youremail@example.com"
		      from="log4j2-demo-alerts@example.com"
		      smtpHost="yourSMTPHost"
		      smtpPort="587"
		      smtpUsername="yourSMTPUsername"
		      smtpPassword="yourSMTPPassword"
		      bufferSize="1">
		    <ThresholdFilter level="ERROR" onMatch="ACCEPT" onMismatch="DENY"/>
		    <PatternLayout>
		        <Pattern>${LOG_PATTERN}</Pattern>
		    </PatternLayout>
		</SMTP>
    </Appenders>
    
    <!--  <Policies>
    		<TimeBasedTriggeringPolicy interval="1" />
    </Policies> -->
 
    <Loggers>
        <!-- LOG everything at INFO level -->
        <Root level="info">
            <AppenderRef ref="Console" />
            <AppenderRef ref="RollingFile" />
        </Root>
 
        <!-- LOG "com.baeldung*" at TRACE level -->
        <Logger name="com.ent.mini.erp" level="trace"></Logger>
    </Loggers>
 
</Configuration>